{
    "happy": 44.35318275154005,
    "neutral": 25.256673511293638,
    "fear": 14.989733059548255,
    "surprise": 7.392197125256674
}