{
    "happy": 60.0,
    "neutral": 26.666666666666668,
    "fear": 6.666666666666667,
    "surprise": 6.666666666666667
}