{
    "angry": 34.42622950819672,
    "neutral": 26.229508196721312,
    "surprise": 19.672131147540984,
    "disgust": 9.836065573770492,
    "fear": 8.19672131147541
}