{
    "happy": 28.666666666666668,
    "fear": 26.0,
    "neutral": 26.0,
    "surprise": 6.666666666666667,
    "angry": 6.666666666666667
}