{
    "neutral": 32.818532818532816,
    "happy": 19.69111969111969,
    "surprise": 13.8996138996139,
    "fear": 13.127413127413126,
    "disgust": 12.741312741312742,
    "angry": 6.177606177606178
}