{
    "fear": 38.853503184713375,
    "neutral": 24.840764331210192,
    "happy": 22.29299363057325,
    "surprise": 5.7324840764331215,
    "angry": 5.095541401273886
}