{
    "happy": 33.45195729537366,
    "neutral": 27.75800711743772,
    "fear": 16.72597864768683,
    "surprise": 12.455516014234876,
    "disgust": 9.252669039145907
}