{
    "happy": 80.51948051948052,
    "surprise": 6.493506493506493,
    "fear": 6.493506493506493
}