{
    "angry": 34.93975903614458,
    "sad": 22.89156626506024,
    "neutral": 19.27710843373494,
    "fear": 14.457831325301203,
    "happy": 7.228915662650602
}