{
    "neutral": 34.61538461538461,
    "fear": 32.69230769230769,
    "happy": 19.230769230769234,
    "surprise": 13.461538461538462
}