{
    "happy": 62.30769230769231,
    "fear": 15.384615384615385,
    "neutral": 12.692307692307692
}