{
    "surprise": 38.492063492063494,
    "neutral": 19.047619047619047,
    "fear": 18.650793650793652,
    "happy": 11.11111111111111,
    "angry": 6.349206349206349
}