{
    "happy": 49.31506849315068,
    "fear": 17.123287671232877,
    "neutral": 14.383561643835616,
    "angry": 8.67579908675799,
    "surprise": 7.534246575342466
}