{
    "happy": 57.971014492753625,
    "fear": 11.594202898550725,
    "neutral": 11.594202898550725,
    "angry": 10.144927536231885,
    "surprise": 7.246376811594203
}