{
    "fear": 46.03174603174603,
    "neutral": 22.22222222222222,
    "happy": 20.634920634920633,
    "surprise": 7.142857142857142
}