{
    "neutral": 40.48192771084337,
    "happy": 28.795180722891565,
    "fear": 22.40963855421687
}