{
    "neutral": 36.99421965317919,
    "happy": 27.74566473988439,
    "fear": 17.91907514450867,
    "surprise": 12.716763005780345
}