{
    "neutral": 36.92528735632184,
    "happy": 30.31609195402299,
    "disgust": 17.24137931034483,
    "fear": 8.333333333333332,
    "surprise": 5.747126436781609
}