{
    "neutral": 44.881889763779526,
    "happy": 31.496062992125985,
    "fear": 18.503937007874015
}