{
    "transcript": "User: Hello, this is my project. It's a really cool project.\nGoogle Judge: That's great to hear! Can you share more about the scalability challenges you've encountered in your project and how you plan to address them?",
    "wpm": 150.0,
    "time": "0:10",
    "emotions": {
        "happy": 33.40563991323211,
        "neutral": 27.331887201735356,
        "disgust": 14.316702819956618,
        "fear": 10.412147505422993,
        "surprise": 7.809110629067245,
        "angry": 5.639913232104121
    }
}