{
    "neutral": 40.476190476190474,
    "sad": 31.428571428571427,
    "fear": 16.666666666666664,
    "angry": 6.666666666666667
}